{"stats":{"minecraft:used":{"minecraft:crafting_table":1,"minecraft:wooden_pickaxe":41},"minecraft:custom":{"minecraft:time_since_rest":24992,"minecraft:play_time":24992,"minecraft:sprint_one_cm":9341,"minecraft:walk_one_cm":6998,"minecraft:sneak_time":15,"minecraft:walk_under_water_one_cm":46,"minecraft:jump":57,"minecraft:time_since_death":24992,"minecraft:walk_on_water_one_cm":283,"minecraft:total_world_time":24992,"minecraft:climb_one_cm":1028,"minecraft:swim_one_cm":945,"minecraft:interact_with_crafting_table":2,"minecraft:fall_one_cm":476,"minecraft:fly_one_cm":5934},"minecraft:picked_up":{"minecraft:apple":1,"minecraft:granite":17,"minecraft:oak_log":10,"minecraft:oak_sapling":1,"minecraft:dirt":24,"minecraft:cobblestone":8},"minecraft:mined":{"minecraft:granite":19,"minecraft:grass_block":11,"minecraft:oak_log":10,"minecraft:dirt":17,"minecraft:stone":8,"minecraft:oak_leaves":3},"minecraft:crafted":{"minecraft:oak_planks":40,"minecraft:crafting_table":1,"minecraft:stick":8,"minecraft:wooden_pickaxe":1}},"DataVersion":3465}