{"stats":{"minecraft:used":{"minecraft:apple":1,"minecraft:crafting_table":2,"minecraft:wooden_pickaxe":45},"minecraft:custom":{"minecraft:time_since_rest":36043,"minecraft:play_time":36043,"minecraft:sprint_one_cm":35101,"minecraft:damage_taken":30,"minecraft:walk_one_cm":16246,"minecraft:sneak_time":42,"minecraft:walk_under_water_one_cm":174,"minecraft:jump":211,"minecraft:leave_game":1,"minecraft:time_since_death":36043,"minecraft:walk_on_water_one_cm":399,"minecraft:total_world_time":36043,"minecraft:climb_one_cm":4854,"minecraft:swim_one_cm":3742,"minecraft:interact_with_crafting_table":3,"minecraft:fly_one_cm":28641,"minecraft:fall_one_cm":5367},"minecraft:picked_up":{"minecraft:apple":1,"minecraft:granite":17,"minecraft:oak_log":10,"minecraft:oak_sapling":1,"minecraft:dirt":32,"minecraft:cobblestone":8,"minecraft:egg":1},"minecraft:mined":{"minecraft:granite":19,"minecraft:grass_block":14,"minecraft:oak_log":10,"minecraft:dirt":18,"minecraft:stone":8,"minecraft:oak_leaves":3,"minecraft:fern":1},"minecraft:crafted":{"minecraft:oak_planks":40,"minecraft:crafting_table":2,"minecraft:stick":8,"minecraft:stone_pickaxe":1,"minecraft:wooden_pickaxe":1}},"DataVersion":3465}